player,board1,board2,action
2,274877906944,0,3
1,274877906944,2147483648,4
2,824633720832,2147483648,2
1,824633720832,139586437120,3
2,824650498048,139586437120,2
1,824650498048,140660178944,4
2,828945465344,140660178944,4
1,828945465344,140693733376,3
2,828945596416,140693733376,4
1,828945596416,140693995520,2
2,828953985024,140693995520,5
1,828953985024,1240205623296,4
2,828953987072,1240205623296,3
1,828953987072,1240205624320,0
2,863313725440,1240205624320,5
1,863313725440,1248795558912,0
2,863582160896,1248795558912,0
1,863582160896,1248797656064,2
2,863582226432,1248797656064,2
1,863582226432,1248797656576,1
2,932301703168,1248797656576,1
1,932301703168,1249334527488,2
2,932301703172,1249334527488,0
1,932301703172,1249334543872,0
2,932301703300,1249334543872,3
1,932301703300,1249334543880,0
2,932301703301,1249334543880,4
1,932301703301,1249334543896,6
2,3131324958853,1249334543896,1
1,3131324958853,1249338738200,1
2,3131324991621,1249338738200,1
1,3131324991621,1249338738456,1
2,3131324991623,1249338738456,5
1,3131324991623,1249405847320,6
2,3148504860807,1249405847320,5
1,138546249728,588410519552,4
2,138546511872,588410519552,0
1,138546511872,588678955008,0
2,138548609024,588678955008,6
1,138548609024,2787702210560,3
2,413426515968,2787702210560,0
1,413426515968,2787702226944,6
2,430606385152,2787702226944,2
1,430606385152,2787710615552,5
2,1530118012928,2787710615552,2
1,1530118012928,2787710681088,2
2,1530118013440,2787710681088,4
1,1530118013440,2787710683136,5
2,1538707948032,2787710683136,5
1,1538707948032,2787777792000,5
2,1538708472320,2787777792000,3
1,1538708472320,2789925275648,1
2,1607427949056,2789925275648,5
1,1607427949056,2789925279744,3
2,137438953472,0,3
1,137438953472,274877906944,3
2,139586437120,274877906944,6
1,139586437120,2473901162496,2
2,140660178944,2473901162496,6
1,140660178944,2491081031680,3
2,140676956160,2491081031680,2
1,140676956160,2491089420288,2
2,140677021696,2491089420288,3
1,140677021696,2491089551360,1
2,209396498432,2491089551360,3
1,209396498432,2491089552384,4
2,759152312320,2491089552384,4
1,759152312320,2495384519680,1
2,759689183232,2495384519680,3
1,759689183232,2495384519688,6
2,759823400960,2495384519688,6
1,759823400960,2495385568264,2
2,759823401472,2495385568264,5
1,759823401472,3594897196040,4
2,759856955904,3594897196040,4
1,759856955904,3594897458184,4
2,759856957952,3594897458184,2
1,759856957952,3594897458188,4
2,759856957968,3594897458188,1
1,759856957968,3594901652492,6
2,759856966160,3594901652492,0
1,759856966160,3629261390860,0
2,138512695296,1099511627776,3
1,138512695296,1374389534720,3
2,140660178944,1374389534720,2
1,140660178944,1374397923328,6
2,2339683434496,1374397923328,3
1,2339683434496,1374414700544,2
2,2339683500032,1374414700544,3
1,2339683500032,1374414831616,5
2,2348273434624,1374414831616,0
1,2348273434624,1408774569984,3
2,2348273435648,1408774569984,0
1,2348273435648,1409043005440,0
2,2348275532800,1409043005440,5
1,2348275532800,1409110114304,0
2,2348275549184,1409110114304,2
1,2348275549184,1409110114816,6
2,2365455418368,1409110114816,3
1,2365455418368,1409110114824,5
2,2365455942656,1409110114824,1
1,2365455942656,1477829591560,1
2,2365992813568,1477829591560,1
1,2365992813568,1477833785864,4
2,2915748627456,1477833785864,4
1,2915748627456,1482128753160,4
2,549755813888,0,3
1,549755813888,274877906944,4
2,554050781184,274877906944,4
1,554050781184,274911461376,3
2,556198264832,274911461376,3
1,556198264832,274928238592,0
2,590558003200,274928238592,4
1,590558003200,274928500736,6
2,2789581258752,274928500736,6
1,2789581258752,292108369920,4
2,2789581260800,292108369920,3
1,2789581260800,292108500992,0
2,2789849696256,292108500992,0
1,2789849696256,292110598144,6
2,2789983913984,292110598144,0
1,2789983913984,292110614528,0
2,2789983914112,292110614528,6
1,2789983914112,292111663104,3
2,2789983915136,292111663104,1
1,2789983915136,360831139840,1
2,2790520786048,360831139840,0
1,2790520786048,360831139841,1
2,2790524980352,360831139841,1
1,2790524980352,360831172609,4
2,2790524980368,360831172609,3
1,2790524980368,360831172617,5
2,3890036608144,360831172617,5
1,3890036608144,369421107209,1
2,3890036608400,369421107209,1
1,3890036608400,369421107211,6
2,3890036616592,369421107211,5
1,3890036616592,369488216075,5
2,3890037140880,369488216075,5
1,3890037140880,369488220171,6
2,3890037140944,369488220171,5
1,3890037140944,369488220203,2
2,4027476094416,369488220203,2
1,1408816381952,2226940542976,2
2,1546255335424,2226940542976,6
1,1546255335424,2227074760704,1
1,3298803318784,721554505728,3
2,3573681225728,721554505728,4
1,3573681225728,725849473024,3
2,3575828709376,725849473024,2
1,3575828709376,726923214848,4
2,3575862263808,726923214848,3
1,3575862263808,726939992064,4
2,3575862525952,726939992064,3
1,3575862525952,726940123136,3
2,3575862526976,726940123136,2
1,3575862526976,726948511744,2
2,3575862592512,726948511744,6
1,3575862592512,744128380928,0
2,3575864689664,744128380928,4
1,3575864689664,744128382976,3
2,3575864689672,744128382976,6
1,3575864689672,744262600704,5
2,3584454624264,744262600704,5
1,3584454624264,744329709568,4
2,3584454624280,744329709568,5
1,3584454624280,744330233856,6
2,3584455672856,744330233856,6
1,3584455672856,744330242048,6
2,3584455672920,744330242048,2
1,3584455672920,744330242560,0
2,3584455689304,744330242560,0
1,3584455689304,744330242688,0
2,3584455689305,744330242688,1
1,3584455689305,813049719424,1
2,3584992560217,813049719424,1
1,3584992560217,813053913728,1
2,3584992592985,813053913728,1
1,3584992592985,813053913984,1
2,3584992592987,813053913984,2
1,3584992592987,813053913988,5
2,3584992597083,813053913988,5
2,1447403978752,584652423168,3
1,1447403978752,586799906816,4
2,1447437533184,586799906816,0
1,1447437533184,587068342272,6
2,3646460788736,587068342272,3
1,3646460788736,587085119488,0
2,3646462885888,587085119488,3
1,3646462885888,587085250560,3
2,3646462886912,587085250560,2
1,3646462886912,724524204032,1
2,3646467081216,724524204032,2
2,2216203124736,1099511627776,2
1,2216203124736,1236950581248,4
2,2765958938624,1236950581248,3
1,2765958938624,1511828488192,2
2,2767032680448,1511828488192,4
1,2767032680448,1516123455488,1
2,2835752157184,1516123455488,2
1,2835752157184,1516131844096,2
2,2835752222720,1516131844096,4
1,2835752222720,1516165398528,4
2,2835752484864,1516165398528,1
1,2835752484864,1516702269440,1
2,2835756679168,1516702269440,6
1,2835756679168,1516836487168,1
2,2835756711936,1516836487168,4
1,2835756711936,1516836489216,3
2,2837904195584,1516836489216,4
1,2837904195584,1516836489232,3
2,824633720832,2199023255552,2
1,824633720832,2336462209024,3
2,826781204480,2336462209024,3
1,826781204480,2336478986240,4
2,831076171776,2336478986240,3
1,831076171776,2336479117312,2
2,832149913600,2336479117312,4
1,832149913600,2336512671744,3
2,832149914624,2336512671744,2
1,832149914624,2336521060352,3
2,832149914632,2336521060352,6
1,832149914632,2353700929536,6
2,832284132360,2353700929536,2
1,832284132360,2353700995072,4
2,832284394504,2353700995072,6
1,832284394504,2353702043648,6
2,832284402696,2353702043648,0
1,832284402696,2388061782016,0
2,832552838152,2388061782016,6
1,832552838152,2388061782080,2
2,832552838664,2388061782080,0
1,832552838664,2388063879232,0
2,832552855048,2388063879232,2
1,832552855048,2388063879236,0
2,832552855176,2388063879236,0
1,832552855176,2388063879237,4
2,832552857224,2388063879237,4
1,832552857224,2388063879253,5
2,1932064485000,2388063879253,5
1,155700953088,3023657041920,5
2,1255212580864,3023657041920,4
1,1255212580864,3027952009216,4
2,1255246135296,3027952009216,3
1,1255246135296,3030099492864,3
2,1255262912512,3030099492864,3
1,1255262912512,3030099623936,3
2,1255262913536,3030099623936,1
1,1255262913536,3098819100672,0
2,1289622651904,3098819100672,4
1,1289622651904,3098819362816,2
2,1289622652416,3098819362816,6
1,1289622652416,3098953580544,6
2,1289623700992,3098953580544,3
1,1289623700992,3098953580552,4
2,1289623703040,3098953580552,2
1,1289623703040,3098953580556,6
2,1289623711232,3098953580556,4
1,1289623711232,3098953580572,0
2,1289892146688,3098953580572,0
1,1289892146688,3098955677724,1
2,1290429017600,3098955677724,1
1,1290429017600,3098959872028,1
2,1290429050368,3098959872028,1
1,1290429050368,3098959872284,1
2,1290429050370,3098959872284,0
1,1290429050370,3098959888668,0
2,1290429050498,3098959888668,0
1,1290429050498,3098959888669,6
2,1290429050562,3098959888669,5
1,1290429050562,3107549823261,5
1,0,0,1
2,68719476736,0,2
1,68719476736,137438953472,2
2,69793218560,137438953472,5
1,69793218560,1236950581248,1
2,70330089472,1236950581248,1
1,70330089472,1236954775552,0
2,104689827840,1236954775552,0
1,104689827840,1237223211008,4
2,654445641728,1237223211008,4
1,654445641728,1241518178304,2
2,654454030336,1241518178304,1
1,654454030336,1241518211072,5
2,663043964928,1241518211072,2
1,663043964928,1241518276608,5
2,663111073792,1241518276608,5
1,663111073792,1241518800896,4
2,663144628224,1241518800896,0
1,663144628224,1241520898048,0
2,663144644608,1241520898048,2
1,663144644608,1241520898560,0
2,663144644736,1241520898560,4
1,663144644736,1241521160704,1
2,663144644992,1241521160704,3
1,663144644992,1516399067648,5
2,663144649088,1516399067648,4
1,663144649088,1516399069696,4
2,663144649104,1516399069696,0
1,663144649104,1516399069697,1
2,663144649106,1516399069697,6
1,663144649106,3715422325249,2
2,663144649110,3715422325249,3
1,663144649110,3717569808897,3
1,618475290624,1374389534720,3
2,620622774272,1374389534720,5
1,620622774272,1382979469312,1
2,621159645184,1382979469312,3
1,621159645184,1382996246528,5
2,621226754048,1382996246528,3
1,621226754048,1382996377600,6
2,2820250009600,1382996377600,2
1,2820250009600,1520435331072,6
2,2837429878784,1520435331072,4
1,2837429878784,1524730298368,5
2,2837430403072,1524730298368,4
1,2837430403072,1524763852800,1
2,2837434597376,1524763852800,1
1,2837434597376,1524763885568,3
2,2837434598400,1524763885568,4
1,2837434598400,1524764147712,4
2,2837434600448,1524764147712,5
1,2837434600448,1524764151808,2
2,2838508342272,1524764151808,2
1,2838508342272,1524772540416,5
2,2838508342304,1524772540416,2
2,1322849927168,2233919864832,3
1,1322849927168,2508797771776,3
2,1324997410816,2508797771776,5
1,1324997410816,2517387706368,1
2,1325001605120,2517387706368,1
1,1325001605120,2517387739136,5
2,1325068713984,2517387739136,3
1,1325068713984,2517404516352,3
2,1325068845056,2517404516352,6
1,1325068845056,2517538734080,5
2,1325069369344,2517538734080,0
1,1325069369344,2517807169536,0
2,1325071466496,2517807169536,5
1,1325071466496,2517807173632,1
2,1325071466752,2517807173632,6
1,1325071466752,2517808222208,3
2,1325071467776,2517808222208,2
1,1325071467776,2518881964032,6
2,1325071475968,2518881964032,2
1,1325071475968,2518890352640,2
2,1325071541504,2518890352640,3
1,1325071541504,2518890352648,1
2,1325071541506,2518890352648,0
1,1325071541506,2518890369032,0
2,1325071541634,2518890369032,2
1,1325071541634,2518890369544,6
2,1325071541698,2518890369544,0
1,1325071541698,2518890369545,2
2,1325071541702,2518890369545,4
1,1325071541702,3068646183433,4
2,1329366508998,3068646183433,4
1,1329366508998,3068679737865,4
1,277025390592,687194767360,4
2,281320357888,687194767360,2
1,281320357888,688268509184,1
2,350039834624,688268509184,3
1,350039834624,688285286400,3
2,350039965696,688285286400,1
1,350039965696,688822157312,4
2,350073520128,688822157312,4
1,350073520128,688822419456,2
2,350081908736,688822419456,1
1,350081908736,688826613760,1
2,350081941504,688826613760,3
1,350081941504,688826614784,2
2,350082007040,688826614784,2
1,350082007040,688826615296,4
2,350082009088,688826615296,2
1,350082009088,688826615300,6
2,2549105264640,688826615300,3
1,2549105264640,688826615308,4
2,2549105264656,688826615308,6
1,2549105264656,706006484492,0
2,2583465003024,706006484492,6
1,2583465003024,706140702220,0
2,2583733438480,706140702220,0
1,2583733438480,706142799372,0
1,173946175488,1924145348608,6
2,2372969431040,1924145348608,5
1,2372969431040,1932735283200,4
2,2377264398336,1932735283200,4
1,2377264398336,1932768837632,5
2,2377331507200,1932768837632,4
1,2377331507200,1932769099776,4
2,2377331509248,1932769099776,2
1,2377331509248,1933842841600,3
2,2377348286464,1933842841600,3
1,2377348286464,1933842972672,5
2,2377348810752,1933842972672,2
1,2377348810752,1933851361280,3
2,2377348811776,1933851361280,5
1,2377348811776,1933851365376,3
2,2377348811784,1933851365376,0
1,2377348811784,1934119800832,4
2,2377348811800,1934119800832,5
1,2377348811800,1934119800864,0
2,2377350908952,1934119800864,0
1,2377350908952,1934119817248,0
2,2377350909080,1934119817248,1
1,2377350909080,2002839293984,0
2,2377350909081,2002839293984,1
1,2377350909081,2003376164896,1
2,2377355103385,2003376164896,2
1,2377355103385,2003376230432,1
2,2377355136153,2003376230432,2
1,69256347648,2748779069440,3
2,344134254592,2748779069440,1
1,344134254592,2748783263744,4
2,348429221888,2748783263744,0
1,348429221888,2783143002112,3
2,350576705536,2783143002112,6
1,350576705536,2800322871296,4
2,350610259968,2800322871296,3
1,350610259968,2800339648512,6
2,350744477696,2800339648512,4
1,350744477696,2800339910656,1
2,350744510464,2800339910656,3
1,350744510464,2800340041728,3
2,350744511488,2800340041728,6
1,350744511488,2800341090304,4
2,350744513536,2800341090304,0
1,350744513536,2800609525760,0
2,350746610688,2800609525760,1
1,350746610688,2800609526016,0
2,350746627072,2800609526016,0
1,350746627072,2800609526144,0
2,350746627073,2800609526144,3
1,350746627073,2800609526152,5
2,1450258254849,2800609526152,6
1,1450258254849,2800609534344,4
2,1450258254865,2800609534344,6
1,1450258254865,2800609534408,2
2,1587697208337,2800609534408,2
1,1587697208337,2801683276232,2
2,1587705596945,2801683276232,1
1,1587705596945,2801683276234,2
2,1587705662481,2801683276234,2
1,1587705662481,2801683276746,2
2,1587705662485,2801683276746,5
1,1587705662485,2810273211338,5
2,1587772771349,2810273211338,5
2,2542620639232,566935683072,0
1,2542620639232,601295421440,4
2,2546915606528,601295421440,3
1,2546915606528,603442905088,3
2,2546932383744,603442905088,0
1,2546932383744,603711340544,1
2,2547469254656,603711340544,1
1,2547469254656,603715534848,3
2,2547469385728,603715534848,1
1,2547469385728,603715567616,0
2,2547471482880,603715567616,3
1,2547471482880,603715568640,4
2,2547505037312,603715568640,4
1,2547505037312,603715830784,5
2,3647016665088,603715830784,5
1,3647016665088,612305765376,5
2,3647083773952,612305765376,2
1,3647083773952,749744718848,6
2,2199023255552,0,0
1,2199023255552,34359738368,3
2,2473901162496,34359738368,4
1,2473901162496,584115552256,3
2,2476048646144,584115552256,4
1,2476048646144,588410519552,4
2,2476082200576,588410519552,3
1,2476082200576,588427296768,3
2,2476082331648,588427296768,4
1,2476082331648,588427558912,6
2,2493262200832,588427558912,1
1,2493262200832,657147035648,1
2,2493799071744,657147035648,6
1,2493799071744,657281253376,0
2,2494067507200,657281253376,3
1,2494067507200,657281254400,3
2,2494067507208,657281254400,1
1,2494067507208,657285448704,1
2,2494067539976,657285448704,6
1,2494067539976,657286497280,0
2,2494069637128,657286497280,0
1,2494069637128,657286513664,6
2,2494069645320,657286513664,6
1,2494069645320,657286513728,0
2,2494069645448,657286513728,4
1,2494069645448,657286515776,1
2,2494069645704,657286515776,4
1,2494069645704,657286515792,0
2,2494069645705,657286515792,1
1,2494069645705,657286515794,5
2,3593581273481,657286515794,5
1,3593581273481,665876450386,5
2,3593648382345,665876450386,5
1,3593648382345,665876974674,5
2,3593648386441,665876974674,5
1,3593648386441,665876974706,2
2,3731087339913,665876974706,2
2,105226698752,1374389534720,4
1,105226698752,1924145348608,4
2,109521666048,1924145348608,2
1,78383153152,1271310319616,3
2,353261060096,1271310319616,3
1,353261060096,1273457803264,2
2,353269448704,1273457803264,3
1,353269448704,1273474580480,3
2,353269579776,1273474580480,2
1,353269579776,1273474646016,1
2,353806450688,1273474646016,1
1,353806450688,1273478840320,0
2,354074886144,1273478840320,2
1,354074886144,1273478840832,5
2,354141995008,1273478840832,5
1,354141995008,1273479365120,5
2,354141999104,1273479365120,4
1,354141999104,1823235179008,3
2,354142000128,1823235179008,4
2,893890068480,2237677961216,2
1,893890068480,2375116914688,4
2,893923622912,2375116914688,2
1,893923622912,2376190656512,3
2,896071106560,2376190656512,3
1,896071106560,2376207433728,2
2,896079495168,2376207433728,3
1,896079495168,2376207564800,3
2,896079496192,2376207564800,0
1,896079496192,2376476000256,2
2,896079561728,2376476000256,2
1,896079561728,2376476000768,0
2,896081658880,2376476000768,4
1,896081658880,2376476262912,3
2,896081658888,2376476262912,5
1,896081658888,3475987890688,0
2,896081675272,3475987890688,6
1,896081675272,3493167759872,4
2,896081677320,3493167759872,4
1,896081677320,3493167759888,6
2,896215895048,3493167759888,6
1,896215895048,3493168808464,6
2,896215903240,3493168808464,0
1,896215903240,3493168808592,5
2,904805837832,3493168808592,2
1,904805837832,3493168808596,0
2,904805837833,3493168808596,6
1,904805837833,3493168808660,1
2,904810032137,3493168808660,1
1,904810032137,3493168841428,1
2,904810032393,3493168841428,1
1,904810032393,3493168841430,5
2,904877141257,3493168841430,5
2,1168231104512,34359738368,1
1,1168231104512,34896609280,4
2,1717986918400,34896609280,3
1,1717986918400,309774516224,3
2,1720134402048,309774516224,5
1,1720134402048,318364450816,3
2,1720151179264,318364450816,3
1,1720151179264,318364581888,6
2,3919174434816,318364581888,5
1,3919174434816,318431690752,5
2,3919174959104,318431690752,0
1,3919174959104,318700126208,2
2,4056613912576,318700126208,1
1,4056613912576,318704320512,1
2,4056613945344,318704320512,6
1,4056613945344,335884189696,4
2,4060908912640,335884189696,4
1,4060908912640,335917744128,4
2,4060909174784,335917744128,6
1,4060909174784,336051961856,2
1,34628173824,68721573888,4
2,584383987712,68721573888,5
1,584383987712,1168233201664,4
2,588678955008,1168233201664,4
1,588678955008,1168266756096,5
2,597268889600,1168266756096,1
1,597268889600,1168803627008,1
2,597273083904,1168803627008,0
1,597273083904,1168803643392,4
2,597273346048,1168803643392,1
1,597273346048,1168803676160,0
2,597273346176,1168803676160,5
1,597273346176,1168870785024,6
2,2796296601728,1168870785024,5
1,2796296601728,1168871309312,6
2,2813476470912,1168871309312,2
1,2813476470912,1306310262784,5
2,2813476475008,1306310262784,6
1,2813476475008,1306444480512,2
2,2814550216832,1306444480512,0
1,2814550216832,1306444480513,1
2,2814550217088,1306444480513,2
1,2814550217088,1306452869121,2
2,2814550282624,1306452869121,6
1,2814550282624,1306453917697,6
2,2814550290816,1306453917697,5
1,2814550290816,1306453917729,4
2,2814550292864,1306453917729,4
1,2814550292864,1306453917745,1
2,2814550292866,1306453917745,2
1,2814550292866,1306453918257,2
2,2814550292870,1306453918257,6
1,2814550292870,1306453918321,3
2,3089428199814,1306453918321,3
2,2645699854336,71135395840,4
1,2645699854336,620891209728,2
2,2646773596160,620891209728,2
1,2646773596160,620899598336,4
2,2651068563456,620899598336,2
1,2651068563456,620899663872,4
2,2651102117888,620899663872,1
1,2651102117888,621436534784,2
2,2651102118400,621436534784,3
1,2651102118400,621453312000,0
2,2651104215552,621453312000,3
1,2651104215552,621453443072,3
2,2651104216576,621453443072,0
1,2651104216576,621453459456,5
2,3750615844352,621453459456,3
1,3750615844352,621453459464,6
2,3767795713536,621453459464,0
1,3767795713536,621453459592,5
2,3776385648128,621453459592,5
1,3776385648128,621520568456,5
2,3776386172416,621520568456,5
1,3776386172416,621520572552,0
2,3776386172417,621520572552,6
1,3776386172417,621654790280,5
2,3776386172449,621654790280,6
1,3776386172449,621655838856,1
2,3776390366753,621655838856,1
1,3368328101888,700079669248,6
2,3385507971072,700079669248,5
1,3385507971072,700146778112,4
2,3385541525504,700146778112,4
1,3385541525504,700147040256,2
2,3385549914112,700147040256,2
1,3385549914112,700147105792,1
2,3386086785024,700147105792,1
1,3386086785024,700151300096,1
2,3386086817792,700151300096,6
1,3386086817792,700285517824,5
2,3386087342080,700285517824,1
1,3386087342080,700285518080,6
2,3386088390656,700285518080,3
1,3386088390656,975163425024,4
2,3386088392704,975163425024,5
1,3386088392704,975163429120,4
2,3386088392720,975163429120,3
1,3386088392720,977310912768,3
2,3386105169936,977310912768,3
1,3386105169936,977311043840,3
2,3386105170960,977311043840,3
1,3386105170960,977311043848,1
2,3386105170962,977311043848,0
1,3386105170962,1011670782216,0
2,3386373606418,1011670782216,0
1,3386373606418,1011672879368,0
2,3386373622802,1011672879368,0
1,3386373622802,1011672879496,0
2,3386373622803,1011672879496,2
1,3386373622803,1011672880008,2
2,3386373622807,1011672880008,5
1,3386373622807,1011672880040,6
2,3386373630999,1011672880040,6
2,549755813888,0,2
1,549755813888,137438953472,4
2,554050781184,137438953472,3
1,554050781184,412316860416,3
2,556198264832,412316860416,2
1,556198264832,413390602240,2
2,556206653440,413390602240,3
1,556206653440,413407379456,1
2,624926130176,413407379456,3
1,624926130176,413407510528,6
2,2823949385728,413407510528,4
1,2823949385728,413441064960,3
2,2823949386752,413441064960,6
1,2823949386752,430620934144,4
2,2823949648896,430620934144,6
1,2823949648896,430755151872,1
2,2824486519808,430755151872,2
1,2824486519808,430755217408,2
2,2824486520320,430755217408,4
1,2824486520320,430755219456,2
2,2824486520324,430755219456,4
1,2824486520324,430755219472,0
2,2858846258692,430755219472,0
1,2858846258692,431023654928,3
2,2858846258700,431023654928,5
1,2858846258700,1530535282704,6
2,2858847307276,1530535282704,0
1,2858847307276,1530537379856,0
2,2858847323660,1530537379856,0
1,2858847323660,1530537379984,0
2,2858847323661,1530537379984,6
1,2858847323661,1530537388176,1
2,2858851517965,1530537388176,1
1,2858851517965,1530537420944,1
2,2858851518221,1530537420944,1
1,2858851518221,1530537420946,6
2,2858851518285,1530537420946,5
1,2858851518285,1539127355538,5
2,1168767975424,2748779069440,4
1,1168767975424,2753074036736,6
2,1185947844608,2753074036736,6
1,1185947844608,2753208254464,4
2,1185981399040,2753208254464,1
1,1185981399040,2753212448768,4
2,1185981661184,2753212448768,6
1,1185981661184,2753213497344,3
2,1460859568128,2753213497344,4
1,1460859568128,2753213499392,0
2,1495219306496,2753213499392,2
1,1495219306496,2890652452864,3
2,1497366790144,2890652452864,2
1,1497366790144,2891726194688,6
2,1497366798336,2891726194688,3
1,1497366798336,2891742971904,1
2,1497366831104,2891742971904,3
1,1497366831104,2891743102976,3
2,1497366832128,2891743102976,2
1,1497366832128,2891751491584,2
2,1497366897664,2891751491584,0
1,1497366897664,2892019927040,0
2,1497368994816,2892019927040,1
1,1497368994816,2892019927296,5
2,1505958929408,2892019927296,2
1,1505958929408,2892019927808,5
2,1271318708224,550829621248,4
1,1271318708224,555124588544,4
2,1271352262656,555124588544,1
1,1271352262656,623844065280,5
2,1279942197248,623844065280,1
1,1279942197248,624380936192,0
2,1280210632704,624380936192,4
1,1280210632704,624381198336,6
2,3479233888256,624381198336,3
1,3479233888256,899259105280,3
2,3481381371904,899259105280,3
2,842350460928,2405181685760,2
1,842350460928,2406255427584,4
2,846645428224,2406255427584,4
1,846645428224,2406288982016,2
2,846653816832,2406288982016,4
1,846653816832,2406289244160,2
2,846653882368,2406289244160,5
1,846653882368,3505800871936,5
2,855243816960,3505800871936,3
1,855243816960,3507948355584,3
2,855260594176,3507948355584,3
1,855260594176,3507948486656,4
2,855260596224,3507948486656,1
1,855260596224,3507952680960,3
2,855260597248,3507952680960,2
1,855260597248,3507952681472,3
2,855260597256,3507952681472,6
1,855260597256,3508086899200,6
2,855261645832,3508086899200,5
1,855261645832,3508154008064,5
2,855262170120,3508154008064,4
1,855262170120,3508154008080,0
2,889621908488,3508154008080,6
1,889621908488,3508154016272,5
2,889621912584,3508154016272,2
1,889621912584,3508154016276,0
2,889890348040,3508154016276,0
1,889890348040,3508156113428,5
2,889890348072,3508156113428,6
1,889890348072,3508156113492,0
2,889890364456,3508156113492,0
1,889890364456,3508156113620,0
2,889890364457,3508156113620,1
1,889890364457,3508156146388,1
2,343597383680,137438953472,3
1,343597383680,139586437120,1
2,344134254592,139586437120,1
1,344134254592,139590631424,3
2,344151031808,139590631424,1
1,344151031808,139590664192,5
2,1443662659584,139590664192,4
1,1443662659584,689346478080,3
2,1443662790656,689346478080,4
1,1443662790656,693641445376,5
2,1452252725248,693641445376,5
1,1452252725248,693708554240,4
2,1452286279680,693708554240,6
1,1452286279680,2892731809792,4
2,1452286541824,2892731809792,2
1,1452286541824,2893805551616,2
2,1452294930432,2893805551616,2
1,1452294930432,2893805617152,0
2,3401614098432,155692564480,1
1,3401614098432,156229435392,0
2,3401882533888,156229435392,3
1,3401882533888,431107342336,2
2,3401890922496,431107342336,1
1,3401890922496,431111536640,3
2,3404038406144,431111536640,1
1,3404038406144,431111569408,1
2,3404038406400,431111569408,6
1,3404038406400,431245787136,6
2,3404039454976,431245787136,5
1,3404039454976,439835721728,5
2,3404106563840,439835721728,2
1,3404106563840,439835787264,3
2,3404123341056,439835787264,3
1,3404123341056,439835918336,2
2,3404123341568,439835918336,1
1,3404123341568,439835918338,6
2,3404123349760,439835918338,3
1,3404123349760,439835919362,2
2,3404123349764,439835919362,3
1,3404123349764,439835919370,4
2,3953879163652,439835919370,5
1,3953879163652,439836443658,6
2,3953879163716,439836443658,0
1,3953879163716,439838540810,0
2,3953879180100,439838540810,0
1,3953879180100,439838540938,0
2,3953879180101,439838540938,5
1,3953879180101,439838545034,5
2,3953879180133,439838545034,4
1,3953879180133,444133512330,4
2,2233651445760,343599480832,1
1,2233651445760,344136351744,1
2,2233655640064,344136351744,3
1,2233655640064,346283835392,2
2,2371094593536,346283835392,1
1,2371094593536,346283868160,3
2,2371111370752,346283868160,3
1,2371111370752,346283999232,4
2,2920867184640,346283999232,0
1,2920867184640,346283999360,4
2,2925162151936,346283999360,4
1,2925162151936,346317553792,1
2,2925162152192,346317553792,4
1,2925162152192,346317815936,3
2,2925162153216,346317815936,2
1,2925162153216,347391557760,0
2,2925162153217,347391557760,2
2,3453153705984,585189294080,0
1,3453153705984,585457729536,4
2,3457448673280,585457729536,2
1,3457448673280,585466118144,5
2,3466038607872,585466118144,6
1,3466038607872,585600335872,3
2,3740916514816,585600335872,3
1,3740916514816,587747819520,5
2,3740983623680,587747819520,5
1,3740983623680,587748343808,6
1,0,0,3
2,274877906944,0,4
1,274877906944,549755813888,3
2,277025390592,549755813888,3
1,277025390592,549772591104,3
2,277025521664,549772591104,1
1,277025521664,618492067840,6
2,2476048777216,618492067840,1
1,2476048777216,619028938752,1
2,2476052971520,619028938752,4
1,2476052971520,623323906048,4
2,2476086525952,623323906048,2
1,2476086525952,760762859520,4
2,2476086788096,760762859520,2
1,2476086788096,761836601344,6
2,2493266657280,761836601344,1
1,2493266657280,761836634112,3
2,2493266658304,761836634112,2
1,2493266658304,761845022720,2
2,2493266723840,761845022720,2
1,2493266723840,761845023232,3
2,2493266723848,761845023232,0
1,2493266723848,796204761600,0
1,34359738368,68719476736,3
2,309237645312,68719476736,5
1,309237645312,1168231104512,3
2,311385128960,1168231104512,5
1,311385128960,1176821039104,5
2,311452237824,1176821039104,3
1,311452237824,1176837816320,3
2,311452368896,1176837816320,1
1,311452368896,1177374687232,1
2,311456563200,1177374687232,1
1,311456563200,1177374720000,5
2,311457087488,1177374720000,5
1,311457087488,1177374724096,1
2,311457087744,1177374724096,2
1,311457087744,1314813677568,2
2,312530829568,1314813677568,3
1,312530829568,1314813678592,4
2,862286643456,1314813678592,4
1,862286643456,1319108645888,5
2,862286643488,1319108645888,4
1,862286643488,1319142200320,4
2,862286905632,1319142200320,4
1,862286905632,1319142202368,0
2,862555341088,1319142202368,4
1,862555341088,1319142202384,1
2,862555341090,1319142202384,6
1,862555341090,3518165457936,0
2,862557438242,3518165457936,0
1,862557438242,3518165474320,0
2,862557438370,3518165474320,0
1,862557438370,3518165474321,2
2,862565826978,3518165474321,2
2,549755813888,0,3
1,549755813888,274877906944,4
2,554050781184,274877906944,3
1,554050781184,277025390592,3
2,554067558400,277025390592,4
1,554067558400,277058945024,3
2,554067689472,277058945024,3
1,554067689472,277058946048,2
2,691506642944,277058946048,4
1,691506642944,277059208192,4
2,691506644992,277059208192,5
1,691506644992,1376570835968,3
2,691506645000,1376570835968,6
1,691506645000,3575594091520,2
2,692580386824,3575594091520,2
1,692580386824,3575602480128,6
2,709760256008,3575602480128,6
1,709760256008,3575736697856,2
2,709760321544,3575736697856,0
1,709760321544,3610096436224,1
2,778479798280,3610096436224,0
1,778479798280,3610364871680,1
2,779016669192,3610364871680,5
1,779016669192,3618954806272,1
2,779020863496,3618954806272,0
1,779020863496,3618956903424,1
2,841813590016,2267742732288,1
1,841813590016,2268279603200,3
2,843961073664,2268279603200,3
1,843961073664,2268296380416,1
2,843965267968,2268296380416,5
1,843965267968,3367808008192,6
2,844099485696,3367808008192,3
1,844099485696,3367808139264,4
2,848394452992,3367808139264,5
1,848394452992,3376398073856,4
2,848428007424,3376398073856,4
1,848428007424,3376398336000,5
2,848495116288,3376398336000,6
1,848495116288,3376399384576,5
2,848495640576,3376399384576,1
1,848495640576,3376399417344,2
2,1924145348608,12884901888,2
1,1924145348608,150323855360,6
1,485331304448,2785286291456,3
2,485348081664,2785286291456,3
1,485348081664,2785286422528,4
2,485381636096,2785286422528,4
1,485381636096,2785286684672,1
2,485918507008,2785286684672,1
1,485918507008,2785290878976,1
2,485918539776,2785290878976,3
1,485918539776,2785290880000,6
2,503098408960,2785290880000,0
1,503098408960,2785559315456,0
2,503100506112,2785559315456,0
1,503100506112,2785559331840,6
2,503234723840,2785559331840,3
1,503234723840,2785559331848,4
2,503234725888,2785559331848,5
1,503234725888,3885070959624,2
2,504308467712,3885070959624,1
1,504308467712,3885070959880,0
2,504308467840,3885070959880,6
1,504308467840,3885072008456,4
2,504308467856,3885072008456,6
1,504308467856,3885072016648,1
2,504308467858,3885072016648,2
1,504308467858,3885080405256,2
2,504308533394,3885080405256,0
1,504308533394,3885080405257,2
2,504308533906,3885080405257,2
1,504308533906,3885080405261,6
2,504308533970,3885080405261,5
1,504308533970,3893670339853,5
1,893353197568,1271310319616,4
2,897648164864,1271310319616,3
1,897648164864,1273457803264,3
2,897664942080,1273457803264,0
1,897664942080,1273726238720,2
2,898738683904,1273726238720,3
1,898738683904,1273726369792,2
2,898747072512,1273726369792,2
1,898747072512,1273726435328,3
2,898747073536,1273726435328,6
1,898747073536,3472749690880,0
2,898749170688,3472749690880,2
1,898749170688,3472749691392,2
2,898749170692,3472749691392,0
1,898749170692,3472749707776,5
2,907339105284,3472749707776,5
1,907339105284,3472816816640,5
2,907339629572,3472816816640,3
1,907339629572,3472816816648,6
2,924519498756,3472816816648,6
1,924519498756,3472951034376,5
2,924519502852,3472951034376,6
1,924519502852,3472952082952,5
2,924519502884,3472952082952,0
1,924519502884,3472952083080,0
2,924519502885,3472952083080,6
1,924519502885,3472952091272,6
2,924519502949,3472952091272,1
1,924519502949,3473488962184,1
2,549755813888,0,3
1,549755813888,274877906944,3
2,551903297536,274877906944,0
1,551903297536,309237645312,2
2,689342251008,309237645312,2
1,689342251008,310311387136,2
2,689350639616,310311387136,3
1,689350639616,310328164352,2
2,689350705152,310328164352,3
1,689350705152,310328295424,3
2,689350706176,310328295424,0
1,689350706176,310596730880,0
2,689352803328,310596730880,2
1,689352803328,310596731392,0
2,689352819712,310596731392,0
1,689352819712,310596731520,2
2,689352819716,310596731520,3
1,689352819716,310596731528,1
2,758072296452,310596731528,4
1,758072296452,314891698824,4
2,758105850884,314891698824,4
1,758105850884,314891960968,1
2,758642721796,314891960968,6
1,758642721796,2513915216520,0
2,758642721797,2513915216520,6
1,758642721797,2531095085704,6
2,758776939525,2531095085704,6
1,758776939525,2531096134280,6
2,758776947717,2531096134280,5
1,758776947717,3630607762056,1
2,758781142021,3630607762056,1
1,758781142021,3630607794824,1
2,758781142277,3630607794824,1
1,758781142277,3630607794826,4
2,758781144325,3630607794826,4
1,758781144325,3630607794842,6
2,758781144389,3630607794842,5
1,758781144389,3639197729434,5
2,758848253253,3639197729434,5
1,2233382993920,554050781184,3
2,2508260900864,554050781184,6
1,2508260900864,571230650368,4
2,2508294455296,571230650368,3
1,2508294455296,573378134016,4
2,2508294717440,573378134016,3
1,2508294717440,573394911232,3
2,2508294848512,573394911232,2
1,2508294848512,710833864704,2
2,2509368590336,710833864704,2
1,2509368590336,710842253312,2
2,2509368655872,710842253312,3
1,2509368655872,710842254336,6
2,2509502873600,710842254336,6
1,2509502873600,710843302912,6
2,2509502881792,710843302912,0
1,2509502881792,711111738368,0
2,2509504978944,711111738368,4
1,2509504978944,711111740416,0
2,2509504995328,711111740416,0
1,2509504995328,711111740544,1
2,2578224472064,711111740544,3
1,2578224472064,711111740552,1
2,2578761342976,711111740552,2
1,2578761342976,711111741064,1
1,34359738368,68719476736,3
2,309237645312,68719476736,1
1,309237645312,69256347648,1
2,309241839616,69256347648,2
1,309241839616,206695301120,3
2,311389323264,206695301120,2
1,311389323264,207769042944,0
2,311657758720,207769042944,3
1,311657758720,207785820160,4
2,861413572608,207785820160,1
1,861413572608,207785852928,3
2,861413703680,207785852928,4
1,861413703680,212080820224,3
2,861413704704,212080820224,6
1,861413704704,2411104075776,6
2,878593573888,2411104075776,0
1,878593573888,2411106172928,0
2,878593590272,2411106172928,0
1,878593590272,2411106173056,6
2,878727808000,2411106173056,0
1,878727808000,2411106173057,1
2,878727808256,2411106173057,6
1,878727808256,2411107221633,5
2,1978239436032,2411107221633,6
1,1978239436032,2411107229825,1
2,1978239436034,2411107229825,5
1,1978239436034,2419697164417,5
2,1978306544898,2419697164417,5
1,1978306544898,2419697688705,2
2,1978314933506,2419697688705,2
1,1978314933506,2419697754241,2
2,1978314934018,2419697754241,3
1,1978314934018,2419697754249,4
2,1134141898752,2753074036736,0
1,1134141898752,2753074053120,1
2,1202861375488,2753074053120,3
1,1202861375488,3027951960064,3
2,1205008859136,3027951960064,1
1,1205008859136,3028488830976,4
2,1205042413568,3028488830976,1
1,1205042413568,3028493025280,6
2,1222222282752,3028493025280,3
1,1222222282752,3028509802496,4
2,1222222544896,3028509802496,4
1,1222222544896,3028509804544,3
2,1222222675968,3028509804544,3
1,1222222675968,3028509805568,5
2,1230812610560,3028509805568,4
1,1230812610560,3028509805584,1
2,1230812643328,3028509805584,5
1,1230812643328,3028576914448,5
2,1230813167616,3028576914448,2
1,1230813167616,3166015867920,2
2,1231886909440,3166015867920,0
1,1231886909440,3166015868048,1
2,1231886909696,3166015868048,5
1,1231886909696,3166015872144,1
2,1231886909698,3166015872144,0
1,1231886909698,3166015872145,2
2,1231895298306,3166015872145,2
1,0,0,3
2,274877906944,0,3
1,274877906944,2147483648,5
2,1374389534720,2147483648,2
1,1374389534720,139586437120,5
2,1382979469312,139586437120,5
1,1382979469312,139653545984,3
2,1382996246528,139653545984,6
1,1382996246528,2338676801536,2
2,1384069988352,2338676801536,6
1,1384069988352,2355856670720,6
2,1384204206080,2355856670720,5
1,1384204206080,2355857195008,2
2,1384212594688,2355857195008,2
1,1384212594688,2355857260544,3
2,1384212725760,2355857260544,0
1,1384212725760,2390216998912,2
2,1384212726272,2390216998912,3
1,1384212726272,2390216999936,0
2,1384481161728,2390216999936,2
1,1384481161728,2390216999940,1
2,1453200638464,2390216999940,3
1,1453200638464,2390216999948,0
2,1453202735616,2390216999948,0
1,1453202735616,2390217016332,4
2,2002958549504,2390217016332,6
1,2002958549504,2390218064908,5
2,2002958553600,2390218064908,6
1,2002958553600,2390218073100,6
2,2002958553664,2390218073100,0
1,2002958553664,2390218073228,0
2,2002958553665,2390218073228,5
1,2002958553665,2390218073260,1
2,2003495424577,2390218073260,1
1,2003495424577,2390222267564,1
2,2003495457345,2390222267564,1
1,2003495457345,2390222267820,1
2,2003495457347,2390222267820,4
1,2003495457347,2394517235116,4
2,2199157473280,17179869184,3
1,2199157473280,292057776128,2
2,2336596426752,292057776128,3
1,2336596426752,294205259776,3
2,2336613203968,294205259776,6
1,2336613203968,294206308352,3
2,2336613335040,294206308352,3
1,2336613335040,294206309376,2
2,2337687076864,294206309376,2
1,2337687076864,294214697984,2
2,2337687142400,294214697984,0
1,2337687142400,328574436352,5
2,3437198770176,328574436352,5
1,3437198770176,337164370944,5
2,3437265879040,337164370944,0
1,3437265879040,337432806400,0
2,3437267976192,337432806400,6
1,3437267976192,337432814592,1
2,3505987452928,337432814592,0
1,3505987452928,337432830976,2
2,3505987453440,337432830976,0
1,3505987453440,337432831104,3
2,3505987453448,337432831104,1
1,3505987453448,337969702016,5
2,3505987977736,337969702016,6
1,3505987977736,337969702080,0
2,3505987977737,337969702080,2
1,3505987977737,337969702084,5
2,3505987981833,337969702084,5
1,3505987981833,337969702116,1
2,3505992176137,337969702116,1
2,309239742464,550024249344,3
1,309239742464,552171732992,3
2,309256519680,552171732992,2
1,309256519680,689610686464,2
2,310330261504,689610686464,2
1,310330261504,689619075072,4
2,314625228800,689619075072,0
1,314625228800,689619091456,3
2,314625359872,689619091456,2
1,314625359872,689619156992,2
2,314625360384,689619156992,4
1,314625360384,689652711424,0
2,314625360512,689652711424,4
1,314625360512,689652973568,1
2,383344837248,689652973568,3
1,383344837248,689652974592,6
2,2582368092800,689652974592,1
1,2582368092800,690189845504,6
2,2599547961984,690189845504,1
2,68719476736,0,3
1,68719476736,274877906944,3
2,70866960384,274877906944,5
1,70866960384,1374389534720,4
2,620622774272,1374389534720,4
1,620622774272,1378684502016,4
2,620656328704,1378684502016,3
1,620656328704,1378701279232,4
2,620656590848,1378701279232,3
1,620656590848,1378701410304,3
2,620656591872,1378701410304,2
1,620656591872,1516140363776,1
2,621193462784,1516140363776,2
1,621193462784,1517214105600,1
2,621197657088,1517214105600,1
1,621197657088,1517214138368,3
2,621197657096,1517214138368,4
1,621197657096,1517214140416,4
2,621197657112,1517214140416,5
1,621197657112,1525804075008,5
2,621264765976,1525804075008,5
1,621264765976,1525804599296,1
2,621264766232,1525804599296,1
1,621264766232,1525804599298,0
2,655624504600,1525804599298,5
1,655624504600,1525804603394,5
2,655624504632,1525804603394,0
1,655624504632,1526073038850,6
2,2854647760184,1526073038850,6
1,2854647760184,1543252908034,6
2,2854781977912,1543252908034,0
1,2854781977912,1543255005186,0
2,2854781994296,1543255005186,0
1,2854781994296,1543255005314,0
2,2854781994297,1543255005314,6
1,2854781994297,1543256053890,6
2,2854782002489,1543256053890,6
1,2854782002489,1543256053954,2
2,2854790391097,1543256053954,2
1,103079215104,137707388928,2
2,104152956928,137707388928,5
1,104152956928,1237219016704,4
2,653908770816,1237219016704,2
1,653908770816,1237227405312,1
2,654445641728,1237227405312,1
1,654445641728,1237231599616,4
2,658740609024,1237231599616,5
1,658740609024,1245821534208,5
2,658807717888,1245821534208,0
1,658807717888,1245823631360,0
2,658807734272,1245823631360,4
1,658807734272,1245857185792,6
2,2857830989824,1245857185792,2
1,2857830989824,1245857251328,0
2,2857830989952,1245857251328,5
1,2857830989952,1245857775616,6
2,2875010859136,1245857775616,1
1,2875010859136,1245857808384,2
2,2875010859648,1245857808384,5
1,2875010859648,1245857812480,1
2,2875010859904,1245857812480,0
1,2875010859904,1245857812481,4
2,2875011122048,1245857812481,2
1,2875011122048,1245857812485,4
2,2875011124096,1245857812485,5
1,2875011124096,1245857812517,1
2,2875011124098,1245857812517,4
1,2875011124098,1245857812533,6
2,2875145341826,1245857812533,6
1,2875145341826,1245858861109,6
2,2875145350018,1245858861109,6
1,2875145350018,1245858861173,3
2,3150023256962,1245858861173,3
2,2267742732288,34359738368,0
1,2267742732288,34628173824,4
2,2817498546176,34628173824,3
1,2817498546176,309506080768,4
2,2821793513472,309506080768,3
1,2821793513472,311653564416,1
2,2822330384384,311653564416,4
1,2822330384384,311687118848,3
2,2822347161600,311687118848,4
1,2822347161600,311687380992,4
2,2822347163648,311687380992,1
1,2822347163648,311691575296,3
2,2822347294720,311691575296,1
1,2822347294720,311691608064,1
2,2822347294976,311691608064,3
1,2822347294976,311691609088,2
2,2959786248448,311691609088,0
1,2959786248448,311693706240,0
2,2959786264832,311693706240,0
1,2959786264832,311693706368,6
2,2976966134016,311693706368,3
1,2976966134016,311693706376,5
2,4076477761792,311693706376,6
1,4076477761792,311827924104,0
2,4076477761793,311827924104,5
1,4076477761793,320417858696,4
2,4076477761809,320417858696,6
1,4076477761809,320418907272,1
2,4076477761811,320418907272,2
1,4076477761811,321492649096,2
2,2233382993920,549755813888,2
1,2233382993920,687194767360,3
2,2508260900864,687194767360,4
1,2508260900864,691489734656,3
2,2510408384512,691489734656,2
1,2510408384512,692563476480,2
2,2510416773120,692563476480,2
1,2510416773120,692563542016,3
2,2510433550336,692563542016,3
1,2510433550336,692563673088,4
2,2510467104768,692563673088,6
1,2510467104768,709743542272,3
2,2510467105792,709743542272,6
1,2510467105792,709877760000,6
2,2510468154368,709877760000,4
1,2510468154368,709878022144,4
2,2510468156416,709878022144,0
1,2510468156416,710146457600,5
2,3609979784192,710146457600,3
1,3609979784192,710146457608,0
2,3609981881344,710146457608,6
1,3609981881344,710146465800,2
2,3609981881856,710146465800,1
1,3609981881856,778865942536,0
2,3609981898240,778865942536,0
1,3609981898240,778865942664,4
2,3609981898256,778865942664,2
1,3609981898256,778865942668,0
2,3609981898257,778865942668,6
1,3609981898257,778865942732,1
2,3610518769169,778865942732,1
1,3610518769169,778870137036,1
2,3610518801937,778870137036,1
1,3610518801937,778870137292,1
2,3610518801939,778870137292,5
1,3610518801939,787460071884,5
2,284004712448,1168231104512,3
1,284004712448,1170378588160,3
2,284021489664,1170378588160,5
1,284021489664,1170445697024,1
2,284025683968,1170445697024,3
1,284025683968,1170445828096,5
2,284026208256,1170445828096,1
1,284026208256,1170445860864,4
2,833782022144,1170445860864,1
1,833782022144,1170445861120,3
2,833782023168,1170445861120,3
1,833782023168,1170445861128,5
2,833782027264,1170445861128,4
1,833782027264,1174740828424,4
2,833815581696,1174740828424,4
1,833815581696,1174741090568,4
2,833815583744,1174741090568,0
1,833815583744,1209100828936,5
2,833815583776,1209100828936,0
1,833815583776,1209369264392,6
2,3032838839328,1209369264392,2
1,3032838839328,1346808217864,2
2,3033912581152,1346808217864,2
1,3033912581152,1346816606472,2
2,3033912646688,1346816606472,6
1,3033912646688,1363996475656,2
1,2336596426752,1151051235328,3
2,2611474333696,1151051235328,3
1,2611474333696,1153198718976,5
2,2620064268288,1153198718976,3
1,2620064268288,1153215496192,3
2,2620064399360,1153215496192,1
1,2620064399360,1221934972928,6
2,2620065447936,1221934972928,0
1,2620065447936,1222203408384,1
2,2620602318848,1222203408384,1
1,2620602318848,1222207602688,0
2,2620604416000,1222207602688,2
1,2620604416000,1223281344512,1
2,2620604448768,1223281344512,2
1,2620604448768,1223289733120,2
2,2620604514304,1223289733120,0
1,2620604514304,1223289749504,5
2,2620671623168,1223289749504,1
1,2620671623168,1223289749760,4
2,3170427437056,1223289749760,4
1,3170427437056,1227584717056,4
1,68719476736,549755813888,3
2,343597383680,549755813888,0
1,343597383680,584115552256,3
2,345744867328,584115552256,1
1,345744867328,584652423168,1
2,345749061632,584652423168,4
1,345749061632,588947390464,1
2,345749094400,588947390464,1
1,345749094400,588947390720,4
2,345782648832,588947390720,3
1,345782648832,588964167936,3
2,345782779904,588964167936,6
1,345782779904,2787987423488,4
2,345783042048,2787987423488,6
1,345783042048,2805167292672,6
2,345917259776,2805167292672,0
1,345917259776,2805435728128,0
2,345919356928,2805435728128,2
1,345919356928,2942874681600,0
2,345919373312,2942874681600,2
1,345919373312,2943948423424,0
2,345919373440,2943948423424,3
1,345919373440,2943948424448,0
2,1649267441664,2199023255552,3
1,1649267441664,2473901162496,3
2,1651414925312,2473901162496,3
1,1651414925312,2473917939712,4
2,1655709892608,2473917939712,4
1,1655709892608,2473951494144,0
2,1690069630976,2473951494144,4
1,1690069630976,2473951756288,1
2,1758789107712,2473951756288,5
1,1758789107712,2482541690880,3
2,1758789238784,2482541690880,1
1,1758789238784,2483078561792,5
2,1758856347648,2483078561792,0
1,1758856347648,2483346997248,4
2,1758856349696,2483346997248,1
1,1758856349696,2483351191552,1
2,1758856382464,2483351191552,0
1,1758856382464,2483353288704,0
2,1758856398848,2483353288704,0
1,1758856398848,2483353288832,6
2,1776036268032,2483353288832,5
1,1776036268032,2483353813120,5
2,1776036272128,2483353813120,4
1,1776036272128,2483353813136,6
2,1776170489856,2483353813136,2
1,1776170489856,2620792766608,3
2,1776170490880,2620792766608,0
1,1776170490880,2620792766609,5
2,1776170490912,2620792766609,1
1,1776170490912,2620792766865,1
2,1776170490914,2620792766865,3
1,1776170490914,2620792766873,6
2,1776171539490,2620792766873,6
1,1776171539490,2620792775065,6
2,1776171539554,2620792775065,2
1,1776171539554,2621866516889,2
2,481573208064,3299608625152,6
1,481573208064,3316788494336,0
2,755914244096,3298534883328,3
1,755914244096,3573412790272,3
2,758061727744,3573412790272,5
1,758061727744,3582002724864,5
2,758128836608,3582002724864,3
1,758128836608,3582019502080,1
2,758665707520,3582019502080,3
1,758665707520,3582019633152,5
2,758666231808,3582019633152,2
1,758666231808,3583093374976,3
2,758666232832,3583093374976,1
1,758666232832,3583097569280,3
2,758666232840,3583097569280,1
1,758666232840,3583097602048,1
2,758666233096,3583097602048,6
1,758666233096,3600277471232,6
2,758800450824,3600277471232,5
1,758800450824,3600277475328,6
2,758801499400,3600277475328,6
1,758801499400,3600277483520,5
2,758801499432,3600277483520,6
1,758801499432,3600277483584,0
2,793161237800,3600277483584,0
1,793161237800,3600545919040,0
2,793163334952,3600545919040,0
1,138512695296,103079215104,3
2,413390602240,103079215104,5
1,413390602240,1202590842880,1
2,413927473152,1202590842880,3
1,413927473152,1204738326528,1
2,413931667456,1204738326528,2
1,413931667456,1204746715136,0
2,414200102912,1204746715136,1
1,414200102912,1204746747904,4
2,963955916800,1204746747904,2
1,963955916800,1204746813440,3
2,963972694016,1204746813440,3
1,963972694016,1204746944512,6
2,3162995949568,1204746944512,3
1,3162995949568,1204746945536,5
2,3171585884160,1204746945536,2
1,3171585884160,1204746946048,2
2,3171585884164,1204746946048,3
1,3171585884164,1204746946056,4
2,3175880851460,1204746946056,0
1,1657924485120,2302370906112,5
1,0,0,3
2,274877906944,0,3
1,274877906944,2147483648,2
2,412316860416,2147483648,4
1,412316860416,551903297536,2
2,413390602240,551903297536,2
1,413390602240,551911686144,3
2,413407379456,551911686144,1
1,413407379456,620631162880,2
2,413407444992,620631162880,3
1,413407444992,620631293952,0
2,447767183360,620631293952,4
1,447767183360,624926261248,0
2,448035618816,624926261248,4
1,448035618816,624959815680,4
2,448035880960,624959815680,3
1,448035880960,624959816704,2
2,448035881472,624959816704,6
1,448035881472,2823983072256,6
2,465215750656,2823983072256,3
1,465215750656,2823983072264,2
2,465215750660,2823983072264,6
1,465215750660,2824117289992,4
2,465215752708,2824117289992,0
1,465215752708,2824119387144,0
2,465215769092,2824119387144,0
1,465215769092,2824119387272,6
2,465216817668,2824119387272,6
1,465216817668,2824119395464,6
2,465216817732,2824119395464,5
1,465216817732,3923631023240,5
2,473806752324,3923631023240,0
1,473806752324,3923631023241,4
2,473806752340,3923631023241,5
1,473806752340,3923698132105,5
2,473807276628,3923698132105,5
1,473807276628,3923698136201,5
2,473807276660,3923698136201,1
1,473807276660,3924235007113,1
1,0,0,3
2,274877906944,0,3
1,274877906944,2147483648,2
2,412316860416,2147483648,4
1,412316860416,551903297536,3
2,412333637632,551903297536,3
1,412333637632,551903428608,2
2,413407379456,551903428608,1
1,413407379456,620622905344,2
2,413415768064,620622905344,2
1,413415768064,620622970880,0
2,447775506432,620622970880,4
1,447775506432,624917938176,4
2,447809060864,624917938176,4
1,447809060864,624918200320,3
2,447809061888,624918200320,0
1,447809061888,625186635776,0
2,447811159040,625186635776,5
1,447811159040,1724698263552,3
2,447811159048,1724698263552,6
1,447811159048,3923721519104,6
2,464991028232,3923721519104,2
1,464991028232,3923721519616,5
2,473580962824,3923721519616,5
1,473580962824,3923788628480,5
2,473581487112,3923788628480,5
1,473581487112,3923788632576,5
2,473581487144,3923788632576,6
1,473581487144,3923922850304,6
2,473582535720,3923922850304,4
1,473582535720,3923922852352,4
2,473582535736,3923922852352,2
1,473582535736,3923922852356,0
2,473582552120,3923922852356,0
1,473582552120,3923922852484,0
2,473582552121,3923922852484,6
1,473582552121,3923922860676,6
2,481036337152,2201170739200,3
1,481036337152,2201187516416,0
2,1138166333440,824633720832,3
1,1138166333440,826781204480,3
2,1138183110656,826781204480,4
1,1138183110656,826814758912,3
2,1138183241728,826814758912,3
1,1138183241728,826814759936,2
2,1275622195200,826814759936,4
1,1275622195200,826815022080,0
2,1275890630656,826815022080,5
1,1275890630656,835404956672,5
2,1275957739520,835404956672,0
1,1275957739520,835407053824,4
2,1275957741568,835407053824,1
1,1275957741568,904126530560,0
2,1275957757952,904126530560,1
1,1275957757952,904663401472,1
2,1275961952256,904663401472,1
1,1275961952256,904663434240,5
2,1275962476544,904663434240,3
1,1275962476544,904663434248,4
2,1275962476560,904663434248,6
1,1275962476560,3103686689800,0
2,1275962476688,3103686689800,5
1,1275962476688,3103686693896,5
2,1275962476720,3103686693896,6
1,1275962476720,3120866563080,0
2,1275962476721,3120866563080,1
1,1275962476721,3120866563336,1
2,1275962476723,3120866563336,6
1,1275962476723,3121000781064,6
2,1275963525299,3121000781064,6
1,1275963525299,3121000789256,6
2,1275963525363,3121000789256,2
1,1275963525363,3122074531080,2
2,760209211392,2474974904320,4
1,760209211392,2475008458752,1
2,760746082304,2475008458752,2
1,760746082304,2475016847360,2
2,760746147840,2475016847360,1
1,760746147840,2475021041664,5
2,1860257775616,2475021041664,6
1,1860257775616,2492200910848,6
2,1860391993344,2492200910848,5
1,1860391993344,2500790845440,1
2,1860392026112,2500790845440,2
1,1860392026112,2500790845952,1
2,1860392026368,2500790845952,5
1,1860392026368,2500857954816,5
2,1860392550656,2500857954816,5
1,1860392550656,2500857958912,4
2,1860392812800,2500857958912,2
1,1860392812800,2500857958916,0
2,1894752551168,2500857958916,6
1,1894752551168,2500859007492,1
2,1894752551170,2500859007492,0
1,1894752551170,2501127442948,5
2,1894752551202,2501127442948,0
1,1894752551202,2501129540100,0
2,1894752567586,2501129540100,6
1,1894752567586,2501129548292,6
2,1894752567650,2501129548292,0
1,1894752567650,2501129548420,0
2,1894752567651,2501129548420,4
1,1894752567651,2501129550468,4
2,1894752567667,2501129550468,3
1,1894752567667,2503277034116,3
1,0,0,3
2,274877906944,0,2
1,274877906944,137438953472,2
2,275951648768,137438953472,3
1,275951648768,139586437120,2
2,275960037376,139586437120,3
1,275960037376,139603214336,3
2,275960168448,139603214336,0
1,275960168448,173962952704,0
2,276228603904,173962952704,2
1,276228603904,173963018240,5
2,1375740231680,173963018240,5
1,1375740231680,182552952832,3
2,1375740232704,182552952832,4
1,1375740232704,732308766720,4
2,1380035200000,732308766720,4
1,1380035200000,732342321152,4
2,1380035462144,732342321152,2
1,1380035462144,732342321664,4
2,1380035464192,732342321664,3
1,1380035464192,732342321672,6
2,3579058719744,732342321672,0
1,3579058719744,732344418824,0
2,3579058736128,732344418824,5
1,3579058736128,732411527688,5
2,3579059260416,732411527688,6
1,3579059260416,749591396872,6
2,3579193478144,749591396872,6
1,3579193478144,749592445448,1
2,3647912954880,749592445448,5
1,3647912954880,749592449544,1
1,1410896756736,215016800256,2
2,1411970498560,215016800256,3
1,1411970498560,215033577472,2
2,1411978887168,215033577472,3
1,1411978887168,215033708544,1
2,1412515758080,215033708544,6
1,1412515758080,2414056964096,3
2,1412515759104,2414056964096,2
1,1412515759104,2414057029632,1
2,1412519953408,2414057029632,1
1,1412519953408,2414057062400,6
2,1429699822592,2414057062400,3
1,1429699822592,2414057062408,2
2,1429699823104,2414057062408,1
1,1429699823104,2414057062664,6
2,1429834040832,2414057062664,6
1,1429834040832,2414058111240,5
2,1429901149696,2414058111240,5
1,1429901149696,2414058635528,1
2,1429901149698,2414058635528,2
1,1429901149698,2414058635532,0
2,1429903246850,2414058635532,0
1,554050781184,137472507904,2
2,555124523008,137472507904,3
1,555124523008,412350414848,3
2,557272006656,412350414848,4
1,557272006656,412350676992,4
2,557272008704,412350676992,2
1,557272008704,412359065600,0
2,591631747072,412359065600,2
1,591631747072,412359131136,2
2,591631747584,412359131136,6
1,591631747584,2611382386688,3
2,591648524800,2611382386688,3
1,591648524800,2611382517760,0
2,591916960256,2611382517760,3
1,591916960256,2611382518784,6
2,609096829440,2611382518784,3
1,609096829440,2611382518792,6
2,609231047168,2611382518792,0
1,609231047168,2611384615944,2
2,609231047172,2611384615944,4
1,609231047172,2611384615960,0
2,609231063556,2611384615960,0
1,609231063556,2611384616088,0
2,609231063557,2611384616088,6
1,609231063557,2611385664664,1
2,677950540293,2611385664664,1
1,677950540293,2611922535576,5
2,1777462168069,2611922535576,1
1,620626968576,2508797771776,4
2,624921935872,2508797771776,6
1,624921935872,2525977640960,6
2,625056153600,2525977640960,4
1,625056153600,2526011195392,2
2,762495107072,2526011195392,3
1,762495107072,2526027972608,1
2,762495139840,2526027972608,3
1,762495139840,2526028103680,0
2,762763575296,2526028103680,1
1,762763575296,2526028103936,4
2,762763837440,2526028103936,4
1,762763837440,2526028105984,3
2,762763838464,2526028105984,4
1,762763838464,2526028106000,6
2,762764887040,2526028106000,3
1,762764887040,2526028106008,6
2,762764895232,2526028106008,6
1,762764895232,2526028106072,0
2,762766992384,2526028106072,0
1,762766992384,2526028122456,0
2,762766992512,2526028122456,0
1,762766992512,2526028122457,1
2,762766992514,2526028122457,5
1,762766992514,3625539750233,5
2,771356927106,3625539750233,5
1,771356927106,3625606859097,2
2,2233387188224,69256347648,3
1,2233387188224,344134254592,1
2,2233387220992,344134254592,3
1,2233387220992,346281738240,6
2,2250567090176,346281738240,2
1,2250567090176,483720691712,4
2,2800322904064,483720691712,2
1,2800322904064,484794433536,5
2,3899834531840,484794433536,0
1,103616086016,2749047504896,3
2,378493992960,2749047504896,2
1,378493992960,2886486458368,4
2,382788960256,2886486458368,3
1,382788960256,2888633942016,4
2,382822514688,2888633942016,3
1,382822514688,2888650719232,3
2,382822645760,2888650719232,1
1,382822645760,2888654913536,1
2,382822678528,2888654913536,0
1,382822678528,2888657010688,6
2,400002547712,2888657010688,4
1,400002547712,2888657272832,6
2,400136765440,2888657272832,6
1,400136765440,2888658321408,0
2,400136781824,2888658321408,3
1,400136781824,2888658322432,5
2,1499648409600,2888658322432,6
1,1499648409600,2888658330624,4
2,1499648411648,2888658330624,3
1,1499648411648,2888658330632,6
2,1499648411712,2888658330632,1
1,1499648411712,2888658330888,0
2,1499648411840,2888658330888,0
1,1499648411840,2888658330889,5
2,1508238346432,2888658330889,5
1,1508238346432,2888725439753,1
2,1508238346434,2888725439753,4
1,1508238346434,2888725439769,5
2,1508238870722,2888725439769,5
1,1508238870722,2888725443865,5
2,1508238870754,2888725443865,2
1,0,0,3
2,274877906944,0,2
1,274877906944,137438953472,2
2,275951648768,137438953472,3
1,275951648768,139586437120,2
2,275960037376,139586437120,3
1,275960037376,139603214336,3
2,275960168448,139603214336,2
1,275960168448,139603279872,4
2,825715982336,139603279872,6
1,825715982336,2338626535424,4
2,830010949632,2338626535424,4
1,830010949632,2338660089856,3
2,830010950656,2338660089856,4
1,830010950656,2338660352000,4
2,830010952704,2338660352000,5
1,830010952704,3438171979776,3
2,830010952712,3438171979776,5
1,830010952712,3446761914368,4
2,830010952728,3446761914368,0
1,830010952728,3481121652736,0
2,830279388184,3481121652736,6
1,830279388184,3498301521920,6
2,830413605912,3498301521920,6
1,830413605912,3498302570496,2
2,830413606424,3498302570496,2
1,830413606424,3498302570500,1
2,899133083160,3498302570500,1
1,899133083160,3498839441412,0
2,899135180312,3498839441412,0
1,899135180312,3498839457796,0
2,899135180440,3498839457796,0
1,899135180440,3498839457797,1
2,899139374744,3498839457797,6
1,899139374744,3498839465989,1
2,2370821947392,618475290624,2
1,2370821947392,619549032448,6
2,2388001816576,619549032448,4
1,2388001816576,623843999744,4
2,2388035371008,623843999744,4
1,2388035371008,623844261888,1
2,2388572241920,623844261888,2
1,2388572241920,623852650496,1
2,2388576436224,623852650496,6
1,2388576436224,623986868224,0
2,2388844871680,623986868224,0
1,2388844871680,623988965376,2
2,2388844937216,623988965376,1
1,2388844937216,623988998144,1
2,2388844937472,623988998144,3
1,2388844937472,898866905088,0
2,2388844953856,898866905088,3
2,1099511627776,0,4
1,1099511627776,549755813888,2
2,1236950581248,549755813888,4
1,1236950581248,554050781184,5
2,1245540515840,554050781184,4
1,1245540515840,554084335616,4
2,1245540777984,554084335616,3
1,1245540777984,828962242560,3
2,1247688261632,828962242560,3
1,1247688261632,828979019776,5
2,1247755370496,828979019776,5
1,1247755370496,828979544064,3
2,1247755501568,828979544064,4
1,1247755501568,828979546112,3
2,1247755502592,828979546112,3
1,1247755502592,828979546120,2
2,1248829244416,828979546120,4
1,1248829244416,828979546136,5
2,1248829248512,828979546136,2
1,1248829248512,828987934744,2
2,1248829314048,828987934744,5
1,1248829314048,828987934776,1
2,1317548790784,828987934776,1
1,1317548790784,829524805688,1
2,1317552985088,829524805688,1
1,1317552985088,829524838456,1
2,1317552985344,829524838456,1
1,1317552985344,829524838458,0
2,1351912723712,829524838458,0
1,1351912723712,829793273914,0
2,1351914820864,829793273914,0
1,1351914820864,829793290298,0
2,1351914820992,829793290298,0
1,1351914820992,829793290299,2
1,1408757661696,2339683434496,5
2,1417347596288,2339683434496,0
1,1417347596288,2339951869952,3
2,1417364373504,2339951869952,0
1,1417364373504,2339953967104,2
2,1417364439040,2339953967104,5
1,1417364439040,2340021075968,3
2,1417364570112,2340021075968,3
1,1417364570112,2340021076992,2
2,1417364570624,2340021076992,2
1,1417364570624,2340021076996,4
2,1967120384512,2340021076996,0
1,1967120384512,2340021093380,4
1,1099511627776,137438953472,3
2,1374389534720,137438953472,4
1,1374389534720,687194767360,3
2,1376537018368,687194767360,3
1,1376537018368,687211544576,2
2,1377610760192,687211544576,3
1,1377610760192,687211675648,0
2,1411970498560,687211675648,4
1,1411970498560,691506642944,0
2,1412238934016,691506642944,5
1,1412238934016,700096577536,4
2,1412272488448,700096577536,4
1,1412272488448,700096839680,2
2,1412280877056,700096839680,2
1,1412280877056,700096905216,3
2,1412280878080,700096905216,3
1,1412280878080,700096905224,6
2,3611304133632,700096905224,2
1,3611304133632,700096905736,6
2,3628484002816,700096905736,4
1,3628484002816,700096907784,4
2,3628484002832,700096907784,6
1,3628484002832,700231125512,6
2,3628485051408,700231125512,6
1,3628485051408,700231133704,6
2,3628485051472,700231133704,2
1,3628485051472,700231133708,0
2,3628487148624,700231133708,0
1,3628487148624,700231150092,0
2,3628487148752,700231150092,0
1,3628487148752,700231150093,1
2,3697206625488,700231150093,1
1,3697206625488,700768021005,1
2,3697210819792,700768021005,1
1,137438953472,549755813888,3
2,412316860416,549755813888,4
1,412316860416,554050781184,2
2,413390602240,554050781184,0
1,413390602240,588410519552,3
2,415538085888,588410519552,3
1,415538085888,588427296768,0
2,415806521344,588427296768,5
1,415806521344,1687938924544,4
2,415840075776,1687938924544,4
1,415840075776,1687939186688,3
2,415840206848,1687939186688,5
1,415840206848,1696529121280,5
2,415907315712,1696529121280,5
1,415907315712,1696529645568,0
2,415909412864,1696529645568,4
1,415909412864,1696529647616,1
2,484628889600,1696529647616,1
1,484628889600,1697066518528,0
2,484628905984,1697066518528,6
1,484628905984,3896089774080,0
2,2886486458368,313532612608,3
1,2886486458368,315680096256,3
2,2886503235584,315680096256,3
1,2886503235584,315680227328,2
2,2887576977408,315680227328,2
1,2887576977408,315688615936,6
2,2904756846592,315688615936,0
1,2904756846592,315690713088,2
2,2904756912128,315690713088,6
1,2904756912128,315824930816,6
2,2904757960704,315824930816,3
1,2904757960704,315824931840,2
2,2904757961216,315824931840,0
1,2904757961216,315824948224,2
2,2904757961220,315824948224,6
1,2904757961220,315824956416,0
2,2904757961348,315824956416,0
1,2904757961348,315824956417,3
2,2904757961356,315824956417,4
1,2904757961356,315858510849,4
2,2904758223500,315858510849,1
1,2904758223500,384577987585,1
2,2905295094412,384577987585,1
1,2905295094412,384582181889,4
2,2905295096460,384582181889,4
1,2905295096460,384582181905,5
2,4004806724236,384582181905,5
1,4004806724236,393172116497,1
2,4004806757004,393172116497,6
1,4004806757004,393172116561,1
2,4004806757260,393172116561,1
1,4004806757260,393172116563,5
2,4004873866124,393172116563,5
1,2886218022912,1142461300736,5
2,2886285131776,1142461300736,3
1,2886285131776,1417339207680,3
2,2888432615424,1417339207680,5
1,2888432615424,1417339731968,4
2,2892727582720,1417339731968,3
1,2892727582720,1417356509184,2
2,2893801324544,1417356509184,2
1,2893801324544,1417364897792,3
2,2893801455616,1417364897792,3
1,2893801455616,1417364898816,0
2,2894069891072,1417364898816,4
1,2894069891072,1417398453248,0
2,2894071988224,1417398453248,3
1,2894071988224,1417398453256,4
2,2894072250368,1417398453256,5
1,2894072250368,1417398457352,4
2,2894072252416,1417398457352,0
1,2894072252416,1417398473736,4
2,2894072252432,1417398473736,6
1,2894072252432,1434578342920,6
2,2894206470160,1434578342920,2
1,2894206470160,1434578408456,2
2,2894206470672,1434578408456,2
1,2894206470672,1434578408460,6
2,2894207519248,1434578408460,5
1,2894207519248,1434578408492,1
2,2962926995984,1434578408492,1
1,2962926995984,1435115279404,1
2,2962931190288,1435115279404,6
1,2962931190288,1435115287596,1
2,2962931223056,1435115287596,6
1,2962931223056,1435115287660,0
2,2962931223184,1435115287660,0
1,2962931223184,1435115287661,1
2,2962931223440,1435115287661,1
1,277025390592,2233382993920,0
2,277293826048,2233382993920,3
1,277293826048,2233399771136,4
2,827049639936,2233399771136,2
1,827049639936,2370838724608,2
2,828123381760,2370838724608,4
1,828123381760,2375133691904,2
2,828131770368,2375133691904,3
1,828131770368,2375133822976,2
2,828131835904,2375133822976,2
1,828131835904,2375133823488,1
2,896851312640,2375133823488,1
1,896851312640,2375670694400,1
2,896855506944,2375670694400,6
1,896855506944,2392850563584,1
1,3298601992192,25904021504,5
2,3298602516480,25904021504,3
1,3298602516480,300781928448,3
2,3300750000128,300781928448,3
1,3300750000128,300798705664,2
2,3438188953600,300798705664,3
1,3438188953600,300798836736,3
2,3438188954624,300798836736,2
1,3438188954624,301872578560,2
2,3438197343232,301872578560,4
1,3438197343232,851628392448,6
2,3438198391808,851628392448,5
1,3438198391808,851628396544,2
2,3438198457344,851628396544,2
1,3438198457344,851628397056,2
2,3438198457348,851628397056,0
1,3438198457348,885988135424,0
2,3438466892804,885988135424,6
1,3438466892804,885988143616,1
2,3507186369540,885988143616,5
1,3507186369540,885988143648,0
2,3507188466692,885988143648,0
1,3507188466692,885988160032,0
2,3507188466820,885988160032,0
1,3507188466820,885988160033,1
2,3507725337732,885988160033,1
1,274877906944,1099511627776,1
2,343597383680,1099511627776,2
1,343597383680,1236950581248,3
2,345744867328,1236950581248,3
1,345744867328,1236967358464,3
2,345744998400,1236967358464,5
1,345744998400,1245557293056,1
2,346281869312,1245557293056,1
1,346281869312,1245561487360,5
2,346348978176,1245561487360,2
1,346348978176,1246635229184,2
2,346357366784,1246635229184,0
1,346357366784,1280994967552,2
2,346357432320,1280994967552,1
1,346357432320,1280995000320,1
2,346357432576,1280995000320,2
1,346357432576,1280995000832,5
2,346357956864,1280995000832,5
1,346357956864,1280995004928,4
2,896113770752,1280995004928,5
1,896113770752,1280995004960,2
2,896113770756,1280995004960,4
1,896113770756,1285289972256,6
2,3095137026308,1285289972256,1
1,3095137026308,1285289972258,0
2,3095405461764,1285289972258,0
1,3095405461764,1285292069410,6
2,3112585330948,1285292069410,6
1,3112585330948,1285426287138,0
2,3112585347332,1285426287138,0
1,3112585347332,1285426287266,0
2,3112585347333,1285426287266,3
1,3112585347333,1285426288290,3
2,3112585347341,1285426288290,6
1,3112585347341,1285427336866,6
2,3112585355533,1285427336866,6
1,3112585355533,1285427336930,4
2,429496729600,2267742732288,1
1,429496729600,2268279603200,1
2,429500923904,2268279603200,4
1,429500923904,2818035417088,2
2,430574665728,2818035417088,2
1,430574665728,2818043805696,1
2,430574698496,2818043805696,2
1,430574698496,2818043871232,4
2,434869665792,2818043871232,0
1,434869665792,2852403609600,5
2,1534381293568,2852403609600,1
1,1534381293568,2852403609856,4
2,1534414848000,2852403609856,3
1,1534414848000,2854551093504,2
2,1534414848512,2854551093504,5
1,1534414848512,2863141028096,5
2,1534481957376,2863141028096,5
1,1534481957376,2863141552384,6
2,1534616175104,2863141552384,1
1,1534616175104,2863141552386,3
1,0,0,3
2,274877906944,0,0
1,274877906944,34359738368,3
2,277025390592,34359738368,4
1,277025390592,584115552256,0
2,277293826048,584115552256,3
1,277293826048,584132329472,3
2,277293957120,584132329472,4
1,277293957120,588427296768,4
2,277327511552,588427296768,6
1,277327511552,2787450552320,4
2,277327773696,2787450552320,4
1,277327773696,2787450554368,0
2,277329870848,2787450554368,6
1,277329870848,2804630423552,6
2,277464088576,2804630423552,5
1,277464088576,3904142051328,5
2,286054023168,3904142051328,0
1,286054023168,3904142067712,3
2,286054024192,3904142067712,2
1,286054024192,4041581021184,6
2,286055072768,4041581021184,2
1,286055072768,4042654763008,3
2,286055072776,4042654763008,6
1,286055072776,4042654771200,0
2,286055072904,4042654771200,6
1,286055072904,4042654771264,1
2,354774549640,4042654771264,4
1,354774549640,4042654771280,0
2,354774549641,4042654771280,1
1,354774549641,4043191642192,5
2,354841658505,4043191642192,5
1,354841658505,4043192166480,1
2,354845852809,4043192166480,1
1,354845852809,4043192199248,1
2,354845853065,4043192199248,1
1,354845853065,4043192199250,5
2,354845857161,4043192199250,5
1,354845857161,4043192199282,2
2,354854245769,4043192199282,2
1,137438953472,2199023255552,3
2,412316860416,2199023255552,4
1,412316860416,2748779069440,3
2,414464344064,2748779069440,1
1,414464344064,2817498546176,6
2,431644213248,2817498546176,4
1,431644213248,2821793513472,1
2,432181084160,2821793513472,2
1,432181084160,2822867255296,1
2,432185278464,2822867255296,3
1,432185278464,2822884032512,6
2,432319496192,2822884032512,3
1,432319496192,2822884163584,3
2,432319497216,2822884163584,1
1,432319497216,2822884196352,0
2,466679235584,2822884196352,0
1,466679235584,2823152631808,1
2,466679235840,2823152631808,6
1,466679235840,2823153680384,1
2,466679235842,2823153680384,5
1,466679235842,3922665308160,3
2,466679235850,3922665308160,2
1,466679235850,3922673696768,2
2,466679301386,3922673696768,4
1,466679301386,3922707251200,2
2,466679301898,3922707251200,4
2,1099511627776,0,2
1,1099511627776,137438953472,3
2,1374389534720,137438953472,5
1,1374389534720,146028888064,2
2,1375463276544,146028888064,3
1,1375463276544,148176371712,2
2,1375471665152,148176371712,6
1,1375471665152,2347199627264,5
2,1375538774016,2347199627264,6
1,1375538774016,2364379496448,3
2,1375555551232,2364379496448,3
1,1375555551232,2364379627520,2
2,1375555616768,2364379627520,2
1,1375555616768,2364379628032,0
2,1409915355136,2364379628032,1
1,1409915355136,2433099104768,0
2,1410183790592,2433099104768,0
1,1410183790592,2433101201920,5
2,1410184314880,2433101201920,3
1,1410184314880,2433101202944,0
2,1410184331264,2433101202944,0
1,1410184331264,2433101203072,6
2,1410318548992,2433101203072,2
1,1410318548992,2433101203076,6
2,1410319597568,2433101203076,6
1,1410319597568,2433101211268,5
2,1410319601664,2433101211268,5
1,1410319601664,2433101211300,0
2,1410319601665,2433101211300,1
1,1410319601665,2433638082212,1
2,2199291691008,34359738368,3
1,2199291691008,309237645312,2
2,2336730644480,309237645312,3
1,2336730644480,311385128960,3
2,2336747421696,311385128960,2
1,2336747421696,312458870784,2
2,2336755810304,312458870784,0
1,2336755810304,312460967936,0
2,2336755826688,312460967936,5
1,2336755826688,1411972595712,5
2,2345345761280,1411972595712,2
1,2345345761280,1411972661248,5
2,2345412870144,1411972661248,6
1,2345412870144,1429152530432,4
2,2895168684032,1429152530432,5
1,2895168684032,1429153054720,3
2,2895168815104,1429153054720,6
1,2895168815104,1429287272448,2
2,2895168815616,1429287272448,3
1,2895168815616,1429287273472,3
2,2895168815624,1429287273472,2
1,2895168815624,1429287273476,0
2,2895168815752,1429287273476,5
1,2895168815752,1429287277572,0
2,2895168815753,1429287277572,5
1,2895168815753,1429287277604,6
2,2895169864329,1429287277604,1
1,2895169864329,1498006754340,1
2,2895706735241,1498006754340,1
1,2895706735241,1498010948644,1
2,2895706768009,1498010948644,1
1,2895706768009,1498010948900,1
2,2895706768011,1498010948900,6
1,2895706768011,1498010957092,6
2,2895706768075,1498010957092,4
1,2895706768075,1502305924388,4
2,2336462209024,549755813888,4
1,2336462209024,554050781184,4
2,2336495763456,554050781184,2
1,2336495763456,555124523008,4
2,2336496025600,555124523008,1
1,2336496025600,623843999744,1
2,2337032896512,623843999744,2
1,2337032896512,623852388352,2
2,2337032962048,623852388352,4
1,2337032962048,623852390400,1
2,2337037156352,623852390400,1
1,2337037156352,623852423168,6
2,2354217025536,623852423168,6
1,2354217025536,623986640896,6
2,2354218074112,623986640896,5
1,2354218074112,1723498268672,4
2,2354218074128,1723498268672,5
1,2354218074128,1732088203264,0
2,2388577812496,1732088203264,2
1,2388577812496,1732088203776,1
2,2388577812752,1732088203776,0
1,2388577812752,1732356639232,0
2,2388579909904,1732356639232,2
1,2388579909904,1732356639236,0
2,2388579926288,1732356639236,0
1,2388579926288,1732356639364,0
2,2388579926289,1732356639364,5
1,2388579926289,1732423748228,5
2,2388580450577,1732423748228,1
1,2388580450577,1732423748230,3
2,2663458357521,1732423748230,3
2,549755813888,0,3
1,549755813888,274877906944,4
2,554050781184,274877906944,4
1,554050781184,274911461376,4
2,554051043328,274911461376,1
1,554051043328,343630938112,3
2,556198526976,343630938112,6
1,556198526976,2542654193664,6
2,573378396160,2542654193664,3
1,573378396160,2542670970880,6
2,573512613888,2542670970880,3
1,573512613888,2542671101952,0
2,607872352256,2542671101952,1
1,607872352256,2543207972864,1
2,607876546560,2543207972864,4
1,607876546560,2543207974912,3
2,607876547584,2543207974912,2
1,607876547584,2680646928384,4
2,607876547600,2680646928384,6
1,607876547600,2680647976960,6
2,607876555792,2680647976960,1
1,607876555792,2680648009728,0
2,608144991248,2680648009728,6
1,608144991248,2680648009792,3
2,608144991256,2680648009792,1
1,608144991256,2680648010048,0
2,608147088408,2680648010048,0
1,608147088408,2680648026432,0
2,608147088536,2680648026432,0
1,608147088536,2680648026433,1
2,608147088538,2680648026433,2
1,608147088538,2681721768257,5
2,1707658716314,2681721768257,2
1,3302829850624,601295421440,4
2,3302863405056,601295421440,4
1,3302863405056,601295683584,3
2,3577741312000,601295683584,1
1,3577741312000,670015160320,5
2,3586331246592,670015160320,3
1,3586331246592,672162643968,5
2,3586398355456,672162643968,5
1,3586398355456,672163168256,3
2,3586415132672,672163168256,0
1,3586415132672,672431603712,3
2,68719476736,0,3
1,68719476736,274877906944,5
2,1168231104512,274877906944,3
1,1168231104512,277025390592,3
2,1168247881728,277025390592,1
1,1168247881728,277562261504,3
2,1168248012800,277562261504,5
1,1168248012800,286152196096,1
2,1168252207104,286152196096,5
1,1168252207104,286219304960,5
2,1168252731392,286219304960,3
1,1168252731392,286219305984,1
2,1168252764160,286219305984,1
1,1168252764160,286219306240,2
2,1305691717632,286219306240,2
1,1305691717632,287293048064,1
2,1305691717634,287293048064,6
1,1305691717634,2486316303616,2
2,1305700106242,2486316303616,2
1,1305700106242,2486316369152,2
2,1305700106754,2486316369152,5
1,1305700106754,2486316373248,5
2,1305700106786,2486316373248,6
1,1305700106786,2503496242432,6
2,1305834324514,2503496242432,3
1,1305834324514,2503496242440,0
2,1340194062882,2503496242440,0
1,2748779069440,85899345920,3
2,3023656976384,85899345920,5
1,3023656976384,1185410973696,3
2,3025804460032,1185410973696,3
1,3025804460032,1185427750912,1
2,3026341330944,1185427750912,3
1,3026341330944,1185427881984,1
2,3026345525248,1185427881984,4
1,3026345525248,1189722849280,3
2,3026345526272,1189722849280,4
1,3026345526272,1189756403712,4
2,3026345788416,1189756403712,1
1,3026345788416,1189756436480,6
2,3026480006144,1189756436480,6
1,3026480006144,1189757485056,4
2,3026480008192,1189757485056,2
1,3026480008192,1327196438528,0
2,3060839746560,1327196438528,2
1,3060839746560,1328270180352,0
2,3061108182016,1328270180352,0
1,3061108182016,1328272277504,3
2,3061108182024,1328272277504,6
1,3061108182024,1328272285696,5
2,3069698116616,1328272285696,0
1,3069698116616,1328272302080,6
2,3069698116680,1328272302080,4
1,3069698116680,1328272302096,5
2,3069765225544,1328272302096,5
1,3069765225544,1328272826384,0
2,3069765225672,1328272826384,0
1,3069765225672,1328272826385,1
2,3069765225928,1328272826385,1
1,3069765225928,1328272826387,5
2,3069765230024,1328272826387,5
1,3069765230024,1328272826419,2
2,3069773618632,1328272826419,2
2,171798691840,2199023255552,3
1,171798691840,2473901162496,4
2,721554505728,2473901162496,3
1,721554505728,2476048646144,4
2,725849473024,2476048646144,4
1,725849473024,2476082200576,0
2,726117908480,2476082200576,0
1,726117908480,2476084297728,2
2,727191650304,2476084297728,2
1,727191650304,2476092686336,3
2,727208427520,2476092686336,2
1,727208427520,2476092751872,2
2,727208428032,2476092751872,4
1,727208428032,2476093014016,3
2,727208559104,2476093014016,3
1,727208559104,2476093015040,5
2,1826720186880,2476093015040,0
1,1826720186880,2476093031424,0
2,1826720187008,2476093031424,2
1,1826720187008,2476093031428,4
2,1826720189056,2476093031428,3
1,1826720189056,2476093031436,0
2,1826720189057,2476093031436,4
1,1826720189057,2476093031452,1
2,1895439665793,2476093031452,6
1,1895439665793,2493272900636,6
2,1895573883521,2493272900636,5
1,1895573883521,2501862835228,5
2,1895640992385,2501862835228,5
1,1895640992385,2501863359516,6
2,1895642040961,2501863359516,6
2,3023656976384,69256347648,5
1,3023656976384,1168767975424,3
2,3025804460032,1168767975424,3
1,3025804460032,1168784752640,1
2,3025808654336,1168784752640,5
1,3025808654336,1177374687232,1
2,3025808687104,1177374687232,3
1,3025808687104,1177374818304,3
2,3025808688128,1177374818304,1
1,3025808688128,1177374818560,5
2,3025875796992,1177374818560,5
1,3025875796992,1177375342848,0
2,3060235535360,1177375342848,6
1,3060235535360,1194555212032,6
2,3060369753088,1194555212032,4
1,3060369753088,1198850179328,0
2,3060638188544,1198850179328,4
1,3060638188544,1198883733760,4
2,3060638450688,1198883733760,0
1,3060638450688,1198885830912,0
2,3060638467072,1198885830912,0
1,3060638467072,1198885831040,2
2,3198077420544,1198885831040,6
1,3198077420544,1198886879616,2
1,695784701952,1375463276544,3
2,697932185600,1375463276544,3
1,697932185600,1375480053760,4
2,702227152896,1375480053760,4
1,702227152896,1375513608192,2
2,702235541504,1375513608192,3
1,702235541504,1375513739264,4
2,702235803648,1375513739264,5
1,702235803648,1375580848128,3
2,702235804672,1375580848128,2
1,702235804672,1375580913664,5
2,702236328960,1375580913664,2
1,702236328960,1375580914176,3
2,702236328968,1375580914176,4
1,702236328968,1375580916224,1
2,770955805704,1375580916224,4
1,770955805704,1375580916240,5
2,770955809800,1375580916240,1
1,770955809800,1376117787152,2
2,770955809804,1376117787152,0
1,770955809804,1410477525520,0
2,771224245260,1410477525520,5
1,771224245260,1410477525552,1
2,771228439564,1410477525552,1
1,771228439564,1410477558320,6
2,2970251695116,1410477558320,6
1,2970251695116,1427657427504,6
2,2970385912844,1427657427504,0
1,2970385912844,1427659524656,0
2,2970385929228,1427659524656,0
1,2970385929228,1427659524784,0
2,2970385929229,1427659524784,6
1,2970385929229,1427660573360,6
2,2970385937421,1427660573360,6
1,2970385937421,1427660573424,1
2,2970385937677,1427660573424,1
1,0,0,3
2,274877906944,0,4
1,274877906944,549755813888,3
2,277025390592,549755813888,3
1,277025390592,549772591104,4
2,281320357888,549772591104,4
1,281320357888,549806145536,1
2,350039834624,549806145536,3
1,350039834624,549806276608,3
2,350039835648,549806276608,6
1,350039835648,2748829532160,3
2,350039835656,2748829532160,6
1,350039835656,2766009401344,1
2,350576706568,2766009401344,6
1,350576706568,2766143619072,6
2,350577755144,2766143619072,5
1,350577755144,3865655246848,2
2,488016708616,3865655246848,5
1,962341109760,2304249954304,5
1,3367254360064,567069900800,6
2,3367255408640,567069900800,4
1,3367255408640,571364868096,2
2,3504694362112,571364868096,0
1,3504694362112,605724606464,4
2,3504727916544,605724606464,5
1,3504727916544,614314541056,4
2,3504728178688,614314541056,0
1,3504728178688,614582976512,1
2,3505265049600,614582976512,4
1,3505265049600,614582978560,0
2,3505267146752,614582978560,1
1,3505267146752,614587172864,0
2,3505267163136,614587172864,1
1,3505267163136,614587205632,1
2,3505267163392,614587205632,5
1,3505267163392,614654314496,5
2,3505267687680,614654314496,0
1,3505267687680,614654314624,5
2,3505267691776,614654314624,2
1,3505267691776,615728056448,6
2,3505267699968,615728056448,6
1,3505267699968,615728056512,2
2,3505276088576,615728056512,2
1,3505276088576,615728122048,0
2,3505276088577,615728122048,4
1,3505276088577,615728122064,1
2,3505276088579,615728122064,2
1,3505276088579,615728122576,2
2,3505276088583,615728122576,5
1,3505276088583,615728122608,3
2,3780153995527,615728122608,3
1,0,0,3
2,274877906944,0,3
1,274877906944,2147483648,6
2,2473901162496,2147483648,5
1,2473901162496,1101659111424,1
2,2542620639232,1101659111424,2
1,2542620639232,1239098064896,1
2,2543157510144,1239098064896,5
1,2543157510144,1247687999488,6
2,2560337379328,1247687999488,1
1,2560337379328,1247692193792,3
2,2560354156544,1247692193792,6
1,2560354156544,1247826411520,5
2,2560421265408,1247826411520,6
1,2560421265408,1247827460096,0
2,2594781003776,1247827460096,0
1,2594781003776,1248095895552,6
2,2594781011968,1248095895552,3
1,2594781011968,1248096026624,6
2,2594781012032,1248096026624,3
1,2594781012032,1248096027648,5
2,2594781536320,1248096027648,2
1,2594781536320,1249169769472,0
2,2594783633472,1249169769472,5
1,2594783633472,1249169773568,1
2,2594783666240,1249169773568,1
1,2594783666240,1249169773824,5
2,2594783666272,1249169773824,0
1,2594783666272,1249169790208,0
2,2594783666400,1249169790208,0
1,2594783666400,1249169790209,1
2,2594783666402,1249169790209,2
1,2594783666402,1249178178817,2
2,2594783731938,1249178178817,2
1,2594783731938,1249178179329,2
2,2594783731942,1249178179329,3
1,2594783731942,1249178179337,4
2,3144539545830,1249178179337,4
2,2753074036736,103079215104,6
1,2753074036736,120259084288,2
2,2890512990208,120259084288,3
1,2890512990208,395136991232,3
2,2892660473856,395136991232,1
1,2892660473856,395673862144,2
2,2893734215680,395673862144,1
1,2893734215680,395678056448,1
2,2893734248448,395678056448,2
1,2893734248448,395686445056,4
2,2893767802880,395686445056,4
1,2893767802880,395686707200,2
2,2893767868416,395686707200,6
1,2893767868416,395820924928,5
2,3993279496192,395820924928,1
1,3993279496192,395820925184,3
